0,1.12181,1.14946,-0.97597,0.35456
0,1.44707,1.06445,-0.89504,-0.12877
0,1.20781,-0.77735,0.12222,0.61807
0,1.06374,1.29548,-1.2554,-1.14403
0,-0.03677,-1.08704,0.73673,0.09659
0,1.3846,1.32087,-1.24365,-0.93839
0,1.11111,0.18588,-0.15522,0.83603
0,0.58361,-1.48841,1.64002,0.28068
0,0.97457,0.65391,-0.49927,0.27575
0,0.38774,1.23657,-0.85168,0.21726
0,0.27834,1.16851,-0.83815,0.1834
0,1.25141,-0.78899,0.2314,0.97825
0,0.51573,0.97839,-0.28866,-0.91377
0,-0.7075,1.5205,0.26659,-0.83064
0,1.04523,1.15968,-1.01872,0.29484
0,1.49302,-0.90539,0.48555,1.27069
0,0.78761,0.19469,-0.23815,0.84649
0,0.13014,0.15765,0.68383,0.85388
0,0.35688,-1.15934,1.61199,-0.43659
0,1.69213,1.5519,-1.33473,-1.38538
0,1.8837,1.0172,-0.9324,0.33547
0,-0.03679,-1.08704,0.73673,0.09659
0,1.23251,1.40446,-1.21183,-1.34534
0,0.17669,1.18685,-0.71504,-0.22295
0,1.40762,1.35755,-1.41051,-1.21731
0,0.0957,-1.2648,1.61059,-0.79983
0,0.24966,-0.96536,0.9702,0.26467
0,-0.28711,1.10255,0.1775,-1.21359
0,2.15699,1.34591,-1.34826,-0.96853
0,1.56837,-0.90009,0.46944,1.08661
0,-0.23994,-0.35799,0.81448,0.64085
0,0.37114,0.29062,0.4434,0.80032
0,1.35944,0.97064,-0.87851,0.10952
0,-0.49225,1.27644,0.07726,-1.74801
0,-0.72137,-0.18975,1.57021,0.85696
0,0.70569,0.77031,-0.5118,0.23819
0,0.79331,0.69835,-0.43265,0.23758
0,1.12437,-0.18905,0.0534,0.937
0,1.45481,0.21656,-0.81308,0.70858
0,1.07215,1.32582,-1.19572,-1.06951
0,1.31517,1.15898,-1.0259,0.28314
0,-0.22519,1.24399,-1.18419,-2.67523
0,-0.15506,1.25633,-0.42012,-0.36764
0,0.18674,0.66767,0.2149,0.59899
0,0.85243,0.85143,-0.50862,0.79785
0,-0.42954,1.30289,-1.20329,-3.00524
0,0.58083,0.80169,-0.2121,-0.48649
0,-0.42954,1.30289,-1.20329,-3.00524
0,1.22336,0.7061,-0.89383,0.2425
0,0.42269,0.23243,0.34297,0.60884
0,1.36894,-1.16004,0.47302,0.29237
0,1.69906,0.3513,-0.68582,1.04843
0,0.95416,0.6652,-0.44378,-0.14415
0,0.74436,0.72058,-0.59375,-0.02164
0,1.58096,0.60912,-0.8994,0.32624
0,1.54581,-0.19081,0.05558,1.1328
0,0.74946,0.82745,-0.46825,0.75106
0,1.89085,0.52623,-0.84393,0.77631
0,0.95152,-1.02813,0.73634,1.03859
0,-0.42813,1.60867,-0.41176,-2.78912
0,0.86365,-0.25148,0.74112,0.45122
0,0.02214,0.6144,0.0884,0.34286
0,1.34597,1.59775,-1.27468,-1.50175
0,0.47864,-0.51812,0.0343,0.44322
0,1.74836,0.20139,-0.59214,1.31259
0,0.74003,0.11533,0.16158,0.66302
0,1.468,-1.02249,0.31591,0.71966
0,0.7002,1.29725,-1.03901,-0.75369
0,0.19958,0.99921,-0.38989,-0.69951
0,-0.10926,1.20378,-0.54143,-0.59114
0,1.23839,-0.72903,0.22782,0.79724
0,1.30328,-0.24372,-0.0707,1.43757
0,1.50766,1.37942,-1.24087,-1.26963
0,1.31317,-0.91562,0.52115,1.08538
0,1.39815,1.53145,-1.38684,-1.54051
0,0.65906,0.27511,-0.19081,0.76707
0,1.1823,1.03341,-0.91572,-0.32393
0,-0.13533,0.71952,0.0894,0.22403
0,-0.06524,0.97522,-0.09496,0.15139
0,0.24561,0.34811,0.46427,0.96901
0,0.83385,1.22106,-1.10583,0.08059
0,1.41972,0.06278,-0.10212,0.96286
0,1.61337,1.13781,-1.00619,-0.04254
0,0.50415,0.99779,-0.37975,-0.84359
0,0.98928,0.80241,-0.47163,0.98133
0,1.26538,0.12839,-0.13712,0.90868
0,-0.55073,-0.00318,1.42424,1.054
0,0.15564,0.83379,-0.12897,0.4857
0,1.29709,-0.80416,0.15622,0.88836
0,1.18553,-0.1887,0.16397,1.05519
0,0.36839,0.97417,-0.9714,0.07502
0,1.2772,0.28322,-0.15601,0.75537
0,1.36279,1.07117,-0.97019,-0.1152
0,0.70903,-1.40446,1.52388,0.66548
0,0.99871,-0.02363,0.16676,0.85942
0,-0.37951,-1.11278,1.61296,-0.72289
0,0.88698,-0.14426,-0.17451,0.99302
0,0.60803,-1.50041,1.56763,0.5288
0,1.19162,1.53497,-1.2554,-1.82681
0,-1.1175,1.61609,0.26501,-2.08911
0,1.03218,-1.21153,0.53288,0.02331
0,1.45192,-0.74033,0.28866,1.3372
0,1.64659,-0.41266,-0.17849,1.10014
0,1.02261,-1.11419,0.59991,0.4543
0,1.32629,-0.28886,-0.10132,1.03058
0,1.09443,-0.11639,0.13912,1.59332
0,0.66152,1.49018,-1.14343,-1.70244
0,-0.8066,1.01649,-0.71068,-0.30794
0,0.94037,1.29865,-1.31166,-1.33858
0,0.87361,1.51839,-1.10047,-1.39524
0,1.25222,-1.08915,0.54144,0.51525
0,0.38155,0.64297,-0.30238,0.55466
0,0.9858,1.31665,-1.06883,-0.66808
0,1.33196,0.83414,-0.62157,0.92961
0,0.47442,0.85143,-0.62018,-0.18295
0,0.73876,0.16894,-0.51518,0.5091
0,1.21868,0.93643,-0.74786,0.63408
0,0.58917,0.83062,-0.36403,0.80093
0,0.86678,-0.20704,0.20712,1.456
0,0.17453,-0.97487,0.75323,0.4266
0,1.06642,1.49405,-1.11518,-1.38905
0,1.28005,1.44539,-1.29277,-1.69815
0,-0.66542,1.22706,0.08005,-1.87237
0,-0.68312,0.00001,1.33435,0.9918
0,-0.47539,1.37484,-0.05042,-1.92103
0,0.90095,0.89975,-0.60646,0.72028
0,-0.97713,1.87991,0.44816,-2.26209
0,1.17818,-0.81933,0.19918,0.49247
0,1.49035,-0.10441,-0.31153,1.47633
0,1.06716,-0.13826,0.08005,1.20484
0,0.99797,-1.06764,0.53169,0.42536
0,1.65268,1.15017,-0.99547,-0.15091
0,0.55606,0.71916,-0.23636,0.83849
0,0.00006,0.61653,0.14747,0.37488
0,-0.51864,1.27432,-0.12479,-1.97212
0,1.31144,1.58469,-1.16311,-1.37614
0,1.76099,1.28595,-1.47137,-1.29915
0,1.61812,1.07045,-0.9338,0.07502
0,1.69195,1.46865,-1.28005,-1.47032
0,-0.22519,1.24399,-1.18419,-2.67523
0,0.58322,-0.16683,0.73195,1.15494
0,0.45675,-0.38692,0.64823,0.09536
0,1.31605,0.24054,-0.655,0.85511
0,1.22794,-0.88105,0.47819,0.96594
0,1.20151,1.40305,-1.2194,-1.44323
0,0.03018,-0.88388,0.39269,0.09844
0,1.20514,-0.19399,-0.06831,1.3772
0,0.46305,-0.35764,0.87852,1.18265
0,1.12395,-0.16013,-0.16456,0.86927
0,0.81125,0.93396,-0.30775,-0.63733
0,1.44664,1.07468,-0.88529,-0.18847
0,-0.77194,1.70426,0.29662,-1.01533
0,1.63118,-0.29133,-0.27733,1.14327
0,1.06462,1.56635,-1.30012,-1.85761
0,0.52857,1.06411,-0.32983,-0.50801
0,0.72219,-0.49731,0.91512,0.49371
0,0.69988,-1.10749,1.05592,0.66979
0,1.23663,-0.97064,0.34476,0.57682
0,0.64386,-1.09232,0.52413,0.27575
0,0.32475,0.39432,0.17094,0.72028
0,1.62277,0.33647,-0.65639,0.97825
0,1.09657,1.141,-1.08555,-0.0044
0,-0.09159,1.01368,-0.26201,-1.23635
0,0.69221,1.26761,-1.10344,-1.0289
0,1.56643,-0.05503,-0.32446,1.3483
0,1.32278,-0.88458,0.27534,0.67102
0,0.2403,1.14664,-0.54779,-0.29499
0,0.20754,0.8486,-0.79003,-0.72413
0,-0.7871,1.69756,0.15044,-1.94317
0,-0.11132,0.74209,-0.68403,-0.61085
0,0.04816,-0.33189,-0.0361,0.29975
0,1.27439,-0.74667,0.20494,1.0589
0,-0.74917,-0.14601,1.72493,1.0195
0,-0.54651,1.50075,0.16158,-2.12296
0,0.5089,0.09346,0.25426,0.74675
0,1.10822,-0.97487,0.47383,0.50787
0,-0.08549,1.22847,-1.18897,-2.20486
0,1.13469,0.64157,-0.72261,0.4543
0,-0.19888,-0.63063,1.60939,0.73505
0,0.68929,1.34238,-1.02907,-0.77645
0,0.4254,0.18622,-0.27136,0.4974
0,-0.1941,-0.59678,1.53938,0.55404
0,-0.39745,1.141,0.10312,-1.49375
0,0.88269,0.93537,-0.55118,0.14646
0,-0.77053,1.70849,0.39387,-1.76462
0,-0.59381,1.52686,0.1238,-1.49127
0,0.99403,-1.0881,0.55815,0.49555
0,0.49184,0.75761,-0.33281,0.59098
0,1.45361,-0.94596,0.34137,0.69934
0,0.81034,-1.18544,1.22159,0.29176
0,0.17453,-0.97487,0.75323,0.4266
0,1.24311,1.40552,-1.27905,-1.6255
0,0.36037,-0.34212,0.64544,0.84896
0,1.54605,0.19539,-0.16516,0.95178
0,-0.97643,1.78221,-0.16098,-3.04342
0,-0.8066,1.01649,-0.71068,-0.30794
0,1.30613,0.90928,-0.76894,0.15754
0,0.5215,0.70893,-0.26937,-0.3904
0,1.26253,-0.70118,0.24769,1.11061
0,1.91872,0.67367,-0.97815,0.42413
0,-0.88799,1.51769,0.22344,-1.0609
0,1.25588,-0.9403,0.50126,0.69504
0,-0.42954,1.30289,-1.20329,-3.00524
0,1.31679,1.42139,-1.21919,-1.48266
0,0.14047,0.95758,-0.17351,0.12675
0,1.53919,0.0529,-0.38551,1.30702
0,1.71465,0.57033,-0.99526,0.31639
0,0.74841,1.2521,-1.15794,-0.07825
0,0.58843,0.96853,-0.43523,-0.3116
0,0.61173,-0.45358,0.94455,0.22281
0,1.35698,1.23729,-1.39361,-1.49251
0,1.0845,1.40905,-1.31683,-1.80281
0,0.76723,1.0373,-1.18916,-0.05487
0,0.08697,0.06878,0.81488,0.82925
0,1.32401,-0.20069,-0.13115,0.92592
0,1.9911,0.17811,-0.63232,1.26021
0,0.31307,0.2342,-0.26957,0.51033
0,0.31413,-0.15166,0.98851,0.37057
0,-0.21152,0.97241,-0.04445,-1.15817
0,-0.6101,1.42246,-1.00979,-2.22457
0,-0.93599,1.80972,0.35887,-1.11137
0,0.69882,0.77454,-0.50006,0.67595
0,0.234,-0.21868,1.06566,0.28991
0,1.48243,1.4676,-1.38862,-1.43523
0,-0.27945,0.37387,0.39844,0.39027
0,0.32461,0.22009,0.68444,0.94193
0,0.04816,-0.33189,-0.0361,0.29975
0,-1.08442,1.40023,-0.63332,-2.0374
0,0.94596,-0.86235,0.12261,0.38904
0,1.78084,-0.06384,-0.31471,1.48557
0,-0.62379,-0.06313,1.31903,1.05828
0,-0.9747,1.71096,0.39129,-2.02445
0,0.64252,-0.33331,0.77473,0.43521
0,0.01241,-0.43559,1.38963,0.74121
0,0.80791,0.16154,-0.20573,0.81017
0,0.56757,0.01835,0.18068,0.52757
0,-0.61974,1.29125,0.24212,-1.94132
0,1.21643,-0.69448,0.28608,1.09337
0,1.25475,-0.17353,-0.053,1.37167
0,0.69024,1.29301,-1.06208,-0.86511
0,0.99822,0.8539,-0.56708,0.67903
0,-0.64286,-0.06067,1.42524,0.94069
0,0.42469,0.27722,-0.00028,0.39396
0,0.82368,0.8412,-0.57207,0.6033
0,0.70203,1.2715,-1.07819,-0.12505
0,1.33006,-0.80594,0.1425,0.88836
0,0.42702,-0.24548,0.77691,1.15065
0,0.57217,-0.49696,0.8853,0.42782
0,-0.01898,-0.20668,-0.14864,0.35579
0,0.20402,1.11349,-0.71247,-0.42369
0,1.45523,-1.08704,0.41297,0.56943
0,0.04957,1.39565,-0.71704,-1.52389
0,0.04915,1.2394,-0.53546,-0.32393
0,1.70779,0.22749,-0.64286,1.12294
0,1.25855,1.48877,-1.28501,-1.84404
0,1.30511,-0.95477,0.56412,1.34334
0,0.93593,-0.82498,0.19162,0.67349
0,0.62274,0.69412,-0.20136,0.97209
0,1.16488,-0.19222,-0.10192,1.04719
0,0.91464,0.06348,0.16616,0.73444
0,1.17512,0.90081,-0.71465,0.11629
0,0.95786,0.16507,-0.18584,0.94746
0,0.4848,0.96888,-0.55157,-0.60714
0,1.60264,0.90045,-1.08675,0.01469
0,0.72113,0.79994,-0.50842,0.13476
0,0.4083,0.47438,-0.00507,0.60638
0,-0.1583,1.33393,-0.28866,-0.20081
0,1.20204,1.34169,-1.2878,-1.55531
0,0.17453,-0.97487,0.75323,0.4266
0,1.58371,0.08324,-0.36523,1.34087
0,1.19926,1.38048,-1.31544,-1.77324
0,1.74463,1.37589,-1.20826,-1.03442
0,1.39826,-0.33965,0.14947,1.10633
0,0.7956,0.83097,-0.41793,0.78123
0,1.70385,-0.30403,-0.29622,1.11185
0,1.0548,0.73997,-0.77729,0.39519
0,1.27326,-0.35588,-0.21906,0.8114
0,0.32729,-1.1417,1.62949,-0.32946
0,0.16255,0.99779,-0.96204,-0.35407
0,0.5253,0.99428,-0.36344,-0.89772
0,-0.07881,-0.40632,1.46899,1.00041
0,1.27889,-0.82815,0.18605,0.80586
0,0.85978,-1.01966,0.51719,0.41244
0,-0.03921,-0.48074,1.55292,0.89698
0,-0.6101,1.42246,-1.00979,-2.22457
0,0.47188,-1.42422,1.56724,0.13969
0,0.31958,-1.0814,1.55331,-0.25866
0,0.16269,1.47007,-0.6534,-1.35272
0,0.00264,0.17494,0.67887,0.90806
0,0.9883,0.73363,-0.29602,-0.12139
0,0.75097,0.27122,-0.18187,0.37364
0,-0.93219,1.71132,-0.30616,-3.13946
0,1.30244,0.71529,-0.88826,0.474
0,0.52794,-0.32766,0.79341,0.40566
0,0.72951,-0.13015,0.58658,0.62731
0,0.60268,0.70858,-0.4585,-0.49449
0,-0.13434,0.87435,-0.80115,-0.93282
0,0.29449,1.04189,-0.37,-0.47477
0,0.24959,-0.18552,0.94177,0.29607
0,0.6542,1.21295,-1.07679,-0.05116
0,-0.03679,-1.08704,0.73673,0.09659
0,0.89318,0.83767,-0.38711,0.90683
0,0.44028,1.16357,-0.61779,-0.09244
0,-0.82747,1.66477,0.2664,-0.99257
0,0.68239,1.45737,-1.02272,-0.95686
0,0.20926,1.3371,-0.64207,-0.28265
0,-0.05603,1.24363,-1.08715,-1.73939
0,0.41153,-1.14347,1.65295,-0.44216
0,1.47173,1.40729,-1.30351,-1.53927
0,1.34216,0.98404,-0.96722,0.05473
0,1.26253,-0.78794,0.25486,0.74183
0,1.61731,-1.17485,0.48854,0.4543
0,0.40696,0.06348,0.42769,0.65502
0,0.596,0.55763,-0.7415,0.00731
0,0.263,1.10149,-0.80175,0.13723
0,-0.03679,-1.08704,0.73673,0.09659
0,1.86561,0.57244,-0.84889,0.6033
0,0.78757,0.63663,-0.15502,-0.14167
0,0.40333,-1.13006,1.51353,-0.17
0,0.88544,0.05573,-0.01203,0.54973
0,0.03018,-0.88388,0.39269,0.09844
0,1.16178,1.30712,-1.23033,-1.02704
0,-0.76296,0.01622,1.47713,1.01273
0,1.21414,1.38154,-1.2365,-1.37614
0,1.08806,-0.10899,0.12301,1.424
0,1.41504,0.09805,-0.08503,1.02873
0,-0.20931,-1.42916,1.61535,-0.1571
0,1.33112,1.28489,-1.46837,-1.92594
0,1.08436,0.8352,-0.48077,0.34409
0,0.44517,0.16824,0.34972,0.61992
0,0.22063,0.09065,0.26023,0.48632
0,0.56598,-0.11569,0.6544,0.99795
0,1.09992,-0.10475,-0.02475,1.35568
0,0.90338,0.66308,-0.84212,0.25051
0,1.23012,-0.08712,0.09516,0.99487
0,1.0673,-1.02179,0.67091,1.30149
0,1.243,0.34072,-0.16059,0.72767
0,0.20599,0.06948,0.82066,0.96224
0,0.18665,0.62957,0.18943,0.50787
0,0.488,0.82392,-0.32207,0.75537
0,1.60415,1.01296,-0.87018,0.22465
0,-0.56801,1.63407,-0.28826,-2.67956
0,1.26654,-0.28816,-0.11763,1.13032
0,0.07969,1.44291,-0.65001,-1.29673
0,1.11357,0.88775,-0.62694,0.66856
0,-0.8066,1.01649,-0.71068,-0.30794
0,1.28917,-0.2476,0.06255,1.00349
0,1.01916,-0.17212,0.04247,0.75476
0,0.94135,0.20281,-0.13672,0.77384
0,-1.66083,1.12513,0.40422,0.13106
0,-0.59349,1.41152,0.18129,-2.10077
0,0.03018,-0.88388,0.39269,0.09844
0,-0.03679,-1.08704,0.73673,0.09659
0,0.16011,0.58336,0.15026,0.47523
0,1.09513,1.26974,-1.26094,-1.31639
0,-0.22886,1.04153,0.11307,-1.28254
0,0.80474,1.22036,-1.0929,0.10644
0,0.97524,1.15334,-0.99825,0.1951
0,0.79457,1.51592,-1.09033,-1.47466
0,-0.97051,1.63549,0.09875,-1.99183
0,0.80316,-1.04364,0.64844,0.64824
0,1.03848,0.22926,-0.11326,0.68703
0,0.4615,0.49097,0.16019,0.86558
0,0.83445,-0.22926,-0.01282,1.14508
0,1.88215,0.62323,-0.8835,0.5405
0,1.21974,-0.0321,0.04723,1.02812
0,1.08567,0.75161,-0.73732,0.55774
0,0.98379,0.99145,-0.41216,-0.64223
0,1.07849,0.21162,-0.27176,0.48878
0,0.61972,-0.09277,-0.05557,0.97579
0,0.64006,1.37061,-1.06129,-0.85835
0,1.30877,-0.99851,0.34018,0.55897
0,0.10885,1.57624,-0.64525,-1.37181
0,0.51967,1.18438,-0.86718,0.20741
0,-0.68241,-0.31567,1.26971,0.32624
0,0.05441,1.50852,-0.64664,-1.49313
0,0.98411,1.00838,-1.14482,-0.01116
0,-0.85368,1.65877,0.29165,-1.9136
0,0.85109,1.208,-1.19733,-1.02152
0,1.35251,0.09769,-0.2117,0.73936
0,0.3787,-0.32096,1.12234,0.4229
0,1.75424,1.40165,-1.27229,-1.19388
0,0.15071,0.13192,0.67151,0.82802
0,1.1887,1.40165,-1.26354,-1.60516
0,0.04013,1.4408,-0.68264,-1.4149
0,0.682,0.94913,-0.32068,-0.26175
0,-1.03072,1.57235,0.12479,-1.08185
0,1.47881,-0.78124,0.3338,1.13832
0,-0.94535,1.63796,0.27673,-0.99133
0,1.18395,1.44891,-1.28998,-1.80033
0,-0.2803,1.08526,-0.77033,-1.01966
0,0.59568,0.84473,-0.22045,-0.49077
0,0.15259,0.62076,0.06473,0.48755
0,1.17864,1.38578,-1.22655,-1.21174
0,-0.94873,1.73777,-0.25744,-3.12651
0,0.29132,0.42747,-0.6339,-0.26666
0,0.79042,0.20668,-0.24531,0.84587
0,-0.29274,0.69129,-0.00149,0.01407
0,1.39351,-0.26664,0.14947,1.13894
0,0.89233,0.63063,-0.26042,0.01717
0,0.30656,-0.35412,1.1822,0.20864
0,0.62587,-1.32299,1.47874,0.16124
0,0.53874,0.85496,-0.19042,0.88343
0,0.93347,-0.76818,0.1934,0.71474
0,-0.01898,-0.20668,-0.14864,0.35579
0,0.05493,0.93819,-0.03768,-0.84173
0,-0.10061,1.02672,-0.07507,-1.02333
0,-0.17446,0.72869,-0.06931,0.02888
0,1.33344,-0.13473,-0.15681,1.02504
0,0.07362,0.88282,-0.24332,0.37057
0,0.5304,-0.24866,0.75423,1.08538
0,1.25662,-0.24936,-0.00825,1.33782
0,1.17639,1.33921,-1.23133,-1.11446
0,1.07089,-0.35376,0.26283,1.73368
0,0.54476,1.25104,-1.14162,-0.32393
0,1.18539,-0.98722,0.61423,1.02135
0,1.37753,1.56565,-1.27269,-1.45804
0,0.25269,-0.09135,0.89941,0.3601
0,-0.59518,-0.05679,1.30213,0.76953
0,0.53611,-1.19955,1.67463,-0.11334
0,-1.02675,1.74517,0.33023,-1.21421
0,-0.55721,-0.10686,1.46302,0.86558
0,1.54943,1.37907,-1.32798,-1.49313
0,-0.19555,1.17344,-0.1049,-1.44509
0,0.53107,0.76254,-0.30298,0.84403
0,0.46038,-1.14734,1.58214,-0.41626
0,-0.68829,1.52014,0.32148,-1.38352
0,-0.6101,1.42246,-1.00979,-2.22457
0,1.05248,-0.3527,-0.13792,0.70612
0,0.74482,-1.17168,1.15477,0.36934
0,0.39953,0.75408,-0.36682,-0.58005
0,0.3079,0.51142,0.14011,0.67225
0,1.66936,1.0754,-1.07898,-0.17986
0,0.63175,1.31418,-1.04676,-0.72598
0,1.82757,1.39142,-1.32083,-1.24868
0,0.2745,1.17204,-0.8274,0.21418
0,-0.01898,-0.20668,-0.14864,0.35579
0,0.03792,0.70046,0.06612,0.34779
0,1.2734,0.64052,-0.78147,0.5799
0,1.51132,0.03139,-0.39009,1.31135
0,1.05646,-0.2148,0.16397,1.46833
0,0.15287,1.41822,-0.6705,-1.34105
0,1.0294,1.3431,-1.21123,-1.20064
0,1.13891,0.18269,-0.12678,0.7135
0,0.31712,0.71529,-0.21647,0.80463
0,0.96947,-0.90962,0.3195,0.47092
0,0.71047,0.17777,-0.27792,0.5405
0,1.22403,0.17917,-0.10888,0.85573
0,1.23258,1.47712,-1.18897,-1.48632
0,1.23434,-0.88847,0.41077,1.08476
0,1.14665,-1.00238,0.68383,1.21098
0,1.84651,1.00098,-0.94754,0.12675
0,0.11877,1.22106,-0.60944,-0.14662
0,1.10579,1.33852,-1.24804,-1.08185
0,0.41111,0.71635,-0.20155,0.79539
0,0.78631,1.41363,-1.12315,-1.34043
0,0.55141,-0.00988,0.29047,0.79293
0,0.07334,0.20562,0.67209,0.87543
0,1.39037,-0.85143,0.38173,1.17403
0,0.1199,1.21578,-0.8835,-0.09368
0,0.18721,1.10291,-0.64028,-0.13058
0,0.93643,1.16076,-0.99765,0.10705
0,1.58441,0.96853,-0.86818,0.16124
0,-0.83736,1.58505,0.11844,-1.07075
0,1.86737,-0.40314,-0.23616,1.22269
0,-1.10237,1.75153,-0.16735,-3.5027
0,0.25107,0.2857,0.12558,0.36072
0,0.89399,1.19955,-0.99804,0.07321
0,1.45579,0.90116,-1.08555,-0.14415
0,-0.0876,0.7816,0.1429,0.152
0,0.15442,1.25633,-0.50643,-0.47906
0,-0.01342,0.84614,-0.07864,0.24558
0,1.1981,0.72657,-0.79878,0.55158
0,0.84004,0.91845,-0.51438,-0.32698
0,0.75587,1.33499,-1.06129,-0.85897
0,1.19208,-0.28816,0.1429,1.54651
0,-0.01898,-0.20668,-0.14864,0.35579
0,1.07525,0.81263,-0.60389,0.38288
0,-0.77834,-0.182,1.33056,0.58052
0,0.58502,0.09452,0.1254,0.54789
0,0.18073,-0.42501,1.34449,0.24558
0,0.84187,1.27467,-1.09112,0.06702
0,-0.15012,1.09832,-0.20653,-1.2493
0,0.18796,0.89798,-0.02735,-0.60224
0,1.5165,0.03175,-0.29264,1.35506
0,1.13444,0.91315,-0.85108,0.02269
0,1.21386,0.7636,-0.88886,0.09905
0,1.07113,1.17415,-1.06447,0.12799
0,0.24554,1.02249,-0.0707,-0.78693
0,0.84103,0.15977,-0.27872,0.83972
0,0.52727,0.70223,-0.264,-0.41012
0,0.92531,-0.89551,0.86641,0.96101
0,-0.80051,1.51839,0.3183,-0.90391
0,0.83564,1.59916,-1.09947,-1.53684
0,0.75168,-1.07892,1.06488,0.60453
0,-0.19705,1.43163,-1.18598,-2.34584
0,1.03524,-1.02566,0.6892,1.07676
0,-0.16952,-0.60101,1.64281,0.92715
0,0.04816,-0.33189,-0.0361,0.29975
0,0.1586,0.79569,-0.19479,0.35702
0,1.20725,0.30404,-0.16098,0.73505
0,0.3048,0.11145,0.1423,0.47708
0,0.55296,-1.49758,1.56306,0.45307
0,1.58202,-0.2804,-0.27613,0.72767
0,0.84314,0.75443,-0.49509,0.28806
0,0.74999,1.14381,-1.01933,-0.05549
0,0.58389,1.08809,-0.31909,-0.99071
0,1.4666,0.63135,-0.81726,0.65933
0,1.62858,-0.38868,-0.22065,1.04289
0,-0.25648,1.2147,-0.44677,-0.42245
0,1.10611,0.08148,0.11447,0.91607
0,1.23501,0.09875,0.02875,0.99734
0,0.78511,1.50533,-1.1134,-1.41738
0,1.93673,0.72339,-0.92565,0.39335
0,0.55655,-0.01269,0.40383,0.77138
0,1.9159,0.68495,-0.9869,0.2776
0,-0.99659,1.821,0.35947,-2.18886
0,0.46741,0.41689,0.17193,0.92653
0,1.33963,-0.75126,0.04883,0.90806
0,1.06737,0.84331,-0.56968,0.21911
0,0.96979,0.65286,-0.36742,0.42413
0,0.13366,1.23306,-0.82322,-1.42352
0,0.03337,-0.1633,0.60965,0.06826
0,0.59758,-0.67542,0.26919,0.53803
0,-0.03611,0.45181,0.15304,0.47708
0,0.2959,1.17521,-0.68004,-0.28761
0,0.62475,0.94313,-0.63272,-1.00485
0,0.73866,0.95547,-0.42171,-0.69332
0,1.12279,-0.07865,-0.01103,1.48557
0,-0.64124,1.80338,-0.16397,-3.02681
0,1.86118,0.66625,-0.88369,0.45061
0,1.02915,1.43761,-1.19015,-1.19388
0,0.7351,0.05361,0.30776,0.94562
0,-0.13669,0.82003,-0.07586,0.12306
0,1.54627,0.99498,-0.89283,-0.01426
0,0.53273,-1.14134,1.65474,-0.32146
0,0.82069,-0.2148,0.63869,0.43214
0,-0.1901,-0.45851,1.47614,0.87297
0,0.10162,-0.33683,0.99169,-0.07582
0,1.34206,-0.07513,-0.43662,1.02135
0,1.24694,-0.27052,0.19937,1.59703
0,1.13768,0.4056,-0.19459,0.72828
0,0.84085,1.52192,-1.05472,-1.32686
0,-0.65293,1.65877,-0.33778,-2.81436
0,1.34146,-0.12345,-0.16974,1.01827
0,1.29149,-1.14698,0.45294,0.33301
0,0.35787,1.17062,-0.84253,0.25667
0,1.06659,-0.99534,0.59812,0.73936
0,0.49954,0.71988,-0.0882,-0.40397
0,1.08915,-0.20563,0.12837,1.4899
0,1.24508,-0.15096,-0.14806,1.04414
0,1.09098,1.26797,-1.16729,-0.02592
0,1.14566,1.35755,-1.27109,-1.5116
0,0.92671,-1.07962,0.56312,0.17847
0,0.7786,-1.1484,1.15059,0.56882
0,0.65297,0.30862,-0.17789,0.37795
0,0.3989,1.02355,-0.33758,-0.46554
0,1.26922,-0.23984,-0.08581,1.09399
0,1.3903,-1.15934,0.45691,0.55343
0,0.55697,-0.37069,0.87574,1.07985
0,1.27066,1.57694,-1.33594,-1.68954
0,-0.27132,-0.43841,1.45488,0.91176
0,-1.01844,1.84217,-0.11147,-3.07114
0,1.29702,1.53462,-1.22794,-1.42295
0,0.55796,-0.18729,0.75184,1.24359
0,0.39989,1.02107,-0.25704,-0.47787
0,0.77691,0.96535,-0.39068,-0.22666
0,1.61439,1.04894,-1.03265,-0.24942
0,1.37584,0.23984,-0.13036,0.87666
0,0.48916,-1.48241,1.62231,0.30961
0,1.23322,-0.1693,-0.14209,0.88959
0,0.63974,-1.20414,0.6717,-0.02716
0,1.78422,1.43939,-1.34866,-1.3472
0,0.85102,1.23551,-1.17066,-0.00621
0,0.25825,1.23306,-0.80872,0.1834
0,0.76597,1.0373,-0.37915,-0.27099
0,-0.03846,1.38824,-0.6025,-1.39828
0,1.21844,-1.14417,0.46369,0.31146
0,0.61282,-0.46557,0.85984,0.24374
0,0.25515,1.19496,-0.80733,0.03069
0,1.50383,1.08632,-0.91869,-0.14229
0,-0.84471,1.68451,-0.41833,-3.18069
0,1.27439,-0.25924,0.01362,0.87851
0,0.68059,-1.49335,1.63007,0.35394
0,-0.03452,0.83767,-0.16257,0.30222
0,1.37454,-1.23165,0.57623,0.23204
0,0.39126,1.12936,-0.22721,-0.46982
0,0.34974,1.10149,-0.81169,-0.3695
0,-0.25047,1.06798,-1.05175,-0.63609
0,0.17679,1.14523,-0.7039,-0.05363
0,1.47849,-0.84049,0.29701,1.14446
0,0.38465,-1.27997,1.68477,-0.25251
0,0.18388,0.09382,0.71027,0.67041
0,-1.13492,-0.02539,1.24824,0.37734
0,1.67837,0.27088,-0.6154,1.04967
0,0.96767,0.90503,-0.57304,-0.66623
0,0.07785,0.55551,-0.07667,0.36687
0,1.82096,1.4281,-1.43855,-1.50541
0,0.23622,0.94101,-0.229,-0.87682
0,1.23005,-0.82462,0.18923,0.71412
0,0.25409,0.76326,0.03551,0.89883
0,0.74756,0.11922,0.1053,0.75907
0,0.82674,1.54379,-1.14998,-1.52946
0,1.17174,0.14637,-0.17093,0.73013
0,-1.08442,1.40023,-0.63332,-2.0374
0,0.22221,1.09868,-0.64943,-0.21866
0,-0.65497,1.69721,-0.22781,-2.7645
0,1.86924,1.40763,-1.43516,-1.49742
0,1.63713,0.23137,-0.61918,1.10014
0,1.04706,0.59359,-0.90994,0.13907
0,-0.23571,1.26127,0.17015,-1.51775
0,1.19152,1.20553,-1.34169,-1.35272
0,-0.55348,-0.01869,1.28045,0.90129
0,1.58044,-0.21021,-0.14487,1.14327
0,0.73025,0.83837,-0.33122,0.78123
0,-0.22519,1.24399,-1.18419,-2.67523
0,1.23596,0.84014,-0.68283,0.30161
0,-0.25046,1.06798,-1.05175,-0.63609
0,0.50162,0.21903,-0.36145,0.4426
0,0.04779,0.97275,0.04126,-0.96734
0,1.06585,-1.08598,0.49787,0.64085
0,1.0421,-0.13192,0.17233,1.5607
0,1.62196,-0.41795,-0.20732,1.09399
0,1.17607,0.89586,-0.67707,0.75845
0,1.48588,0.97452,-0.88708,-0.02226
0,1.28832,-0.83345,0.22543,0.92653
0,0.4943,0.70576,-0.19738,0.8114
0,0.55655,-0.25324,0.74012,0.41736
0,1.08785,-0.20492,0.06851,0.8742
0,1.16945,-1.2521,0.56351,-0.02902
0,0.76192,0.27194,-0.14746,0.95362
0,0.51577,-0.16154,0.65659,0.95485
0,1.14732,-1.00062,0.66494,1.11861
0,1.4061,-0.72833,0.0713,1.00041
0,2.24901,0.56185,-0.91451,0.82741
0,0.51482,-0.75656,0.32765,0.18771
0,0.60487,-1.37873,1.55171,0.40381
0,1.00878,0.8793,-0.63211,0.67349
0,0.80499,0.87399,-0.46089,0.76646
0,1.21436,-0.84473,0.26361,0.66363
0,1.31356,-0.40349,-0.26997,0.69996
0,0.17895,0.6705,0.11108,0.41244
0,1.65335,-0.33295,-0.24869,1.09833
0,-0.01803,0.83345,0.09636,0.27575
0,0.91478,-0.7696,0.21369,0.71166
0,0.87607,0.70293,-0.35031,0.28806
0,0.25628,1.42669,-0.62197,-1.35581
0,1.17723,0.11145,-0.02038,0.83664
0,0.12102,0.69129,-0.04724,0.3995
0,-0.28772,-0.50614,1.54435,0.80339
0,-0.07844,1.28067,-0.34633,-0.31775
0,0.88797,-1.11066,1.04659,0.83972
0,1.48155,-0.90256,0.27852,0.83049
0,1.02894,-1.06164,1.07381,0.6544
0,1.08348,0.16788,-0.07885,0.76153
0,0.78208,1.49688,-1.0923,-1.37367
0,-0.63164,1.49511,0.07069,-0.81464
0,-0.25046,1.06798,-1.05175,-0.63609
0,0.21334,-1.50922,1.59945,-0.05116
0,0.61736,0.13862,-0.01621,0.48016
0,1.35195,-0.77982,0.17173,1.01704
0,-0.19484,0.84401,-0.11087,0.24866
0,0.89378,1.17132,-1.16829,-0.08749
0,1.17748,-0.892,0.29047,0.59899
0,1.73305,0.31249,-0.72697,1.08109
0,0.49391,0.71705,-0.12936,0.83049
0,0.27887,-0.17494,1.01177,0.51218
0,-0.16952,-0.42324,1.46778,0.78308
0,0.04816,-0.33189,-0.0361,0.29976
0,1.38284,-0.24866,0.00707,1.52928
0,1.07268,-1.0373,0.48815,0.53003
0,0.03017,-0.88388,0.39269,0.09843
0,0.66251,-0.7756,0.4074,0.52634
0,-0.79829,1.55296,0.41515,-1.76034
0,0.33137,1.18579,-0.76854,0.31146
0,-0.21133,0.67754,-0.20871,0.23389
0,-0.0472,0.88811,-0.39745,0.00422
0,-0.06453,1.26197,-1.18022,-2.4105
0,0.71561,-0.0903,0.07308,0.76461
0,0.12116,0.80452,-0.58957,0.06397
0,1.06019,0.1753,-0.086,0.82741
0,0.63664,-1.03377,0.89027,0.37611
0,1.16069,-0.98968,0.45494,0.56451
0,1.37338,-0.93854,0.53169,0.92407
0,-0.88314,1.51697,0.28926,-1.73567
0,1.28012,0.97452,-0.80772,0.01041
0,0.11539,0.6645,-0.04682,0.25974
0,-0.34254,0.92126,-0.21627,-0.12505
0,0.7698,0.65955,-0.30915,-0.18295
0,0.91158,-0.89658,0.27594,0.30654
0,1.90665,0.59114,-0.88229,0.53803
0,0.04816,-0.33189,-0.0361,0.29975
0,1.24691,1.57305,-1.2359,-1.50113
0,0.39204,1.23729,-0.70332,-0.25989
0,0.10796,-0.26523,0.18605,0.79785
0,0.02181,1.41505,-0.57901,-1.34472
0,0.42624,1.01226,-0.52771,-1.12617
0,1.11691,0.8412,-0.59414,0.70181
0,0.98763,-0.95971,0.9012,0.76399
0,1.22562,1.41927,-1.27429,-1.55898
0,1.22899,0.70012,-0.79222,0.53619
0,1.81484,1.45595,-1.3419,-1.49803
0,1.16776,-0.95794,0.60269,1.18879
0,0.30885,0.44723,0.20793,0.67471
0,1.15017,0.86448,-0.75403,0.50602
0,1.38306,-0.85671,0.22701,0.94131
0,1.10819,-0.08182,-0.08721,1.23436
0,1.4837,-1.15087,0.47759,0.44753
0,1.66778,0.34741,-0.78465,0.76153
0,0.9978,0.255,-0.27633,0.53557
0,0.69235,-0.05114,0.37915,0.90868
0,0.45464,-1.08951,1.58392,-0.29313
0,1.53525,0.86307,-0.78783,0.40074
0,1.28882,1.40905,-1.23708,-1.42414
0,0.74679,0.24513,0.14726,0.69504
0,1.07606,1.13323,-1.02826,0.2856
0,0.03018,-0.88388,0.39269,0.09844
0,0.898,0.91103,-0.41932,-0.50063
0,1.28776,0.59501,-0.74726,0.67964
0,0.47192,-0.45887,0.97199,1.18822
0,1.67766,-0.27193,-0.28269,1.12908
0,-0.3112,-0.5608,1.32023,0.37549
0,1.55235,1.05494,-1.00937,-0.13367
0,0.11073,0.91245,-0.05738,0.31085
0,1.64955,1.13077,-1.11161,-0.16938
0,1.12057,-0.96605,0.33183,0.22834
0,-0.13838,1.12513,0.01125,-1.30411
0,-1.08442,1.40023,-0.63332,-2.0374
0,-0.01897,-0.20669,-0.14865,0.35579
0,-0.49018,-0.31214,1.11937,-0.13862
0,0.85633,1.37695,-1.06825,-0.91315
0,0.20567,1.22495,-0.46844,-0.24818
0,-1.10779,1.62456,0.16516,-1.31948
0,1.19317,-0.85743,0.24512,0.81509
0,0.83131,0.03386,0.10233,0.74983
0,1.09161,0.8158,-0.51438,0.79539
0,-0.40093,1.15934,0.19122,-1.62116
0,1.30923,0.91245,-0.89921,-0.00869
0,0.17359,1.27997,-0.47819,-0.22909
0,0.48839,-1.43127,1.54435,0.3681
0,-1.01383,1.82419,-0.15363,-3.08037
0,1.10935,-0.85531,0.32765,0.68395
0,0.08029,1.31876,-0.39128,-0.2248
0,1.53388,-0.03669,-0.33639,1.27807
0,1.60165,1.09585,-0.91451,-0.04316
0,0.11388,0.18869,0.35251,0.53496
0,1.48366,0.97347,-0.7753,0.38904
0,-0.16093,0.89516,-0.14229,0.20679
0,0.1485,-0.32625,1.20845,0.31454
0,0.15809,-0.21515,1.07045,0.36133
0,1.26981,-1.0761,0.7773,1.10875
0,0.64076,1.05283,-0.38213,-0.98948
0,-0.01723,0.79711,-0.40182,0.29853
0,0.95729,-1.20906,1.20727,0.84095
0,0.69084,-0.28745,0.80077,1.25159
0,1.5053,0.0261,-0.38711,1.1568
0,1.25943,1.40199,-1.23808,-1.37181
0,0.78363,0.21233,0.13097,0.65624
0,1.23068,-0.01163,-0.32983,1.1537
0,-0.14655,1.15404,0.0003,-1.32134
0,0.98801,-0.25783,0.0009,1.13646
0,0.63928,0.28181,-0.24252,0.70242
1,-0.64427,0.23807,-0.64764,-0.3824
1,-0.01535,-0.352,-0.33182,0.73444
1,-0.73949,-1.54696,1.50756,1.02812
1,-1.50684,-2.51019,3.31552,-0.04254
1,-1.40824,-1.72755,2.01589,1.02812
1,-0.9551,-0.37986,-0.01461,1.22269
1,-0.77134,0.13931,-0.91214,-0.4963
1,-0.46726,0.21762,-0.74726,-0.83492
1,-0.03179,-0.3065,-0.39108,0.63716
1,-0.49939,-1.46301,1.02748,0.82741
1,-1.00123,-1.88485,1.84446,0.25667
1,-0.68935,-1.39354,0.91791,0.85265
1,-0.36884,-0.34318,-0.39824,0.80647
1,-0.2811,0.16541,-1.17066,-0.88973
1,-2.23003,0.79182,-0.16735,-2.61305
1,-0.79361,0.14143,-0.49211,-0.55296
1,-0.42522,-0.64756,0.23319,1.10633
1,-0.79263,-1.86793,1.76828,0.5091
1,-1.41246,-2.5317,2.73422,-0.65518
1,-0.79376,-1.50075,0.94476,0.59468
1,-0.27513,-0.39362,-0.43543,0.86558
1,0.01406,0.24513,-1.37033,-1.35767
1,-1.35201,0.50049,-0.50285,-1.74986
1,-0.73896,-0.3788,0.00607,0.57929
1,-0.89028,-1.53884,1.21184,0.40689
1,-1.09167,-2.10916,1.79096,-0.25742
1,-0.31966,-1.06904,0.13751,0.9253
1,0.21869,-0.12556,-0.93739,0.61992
1,0.25712,0.32166,-1.47116,-1.38043
1,-1.7284,0.92867,-0.39685,-2.65861
1,-1.11465,-0.25007,0.24173,0.67102
1,-0.95707,-1.25633,1.0227,0.98749
1,-0.72426,-1.40905,0.75662,0.64824
1,0.02618,-0.24619,-0.78405,0.84218
1,0.42476,0.39679,-1.46222,-0.70013
1,0.13446,0.49731,-1.54555,-2.3286
1,-2.08459,1.22423,-0.41435,-2.27813
1,-1.28708,0.14848,-0.24948,0.15754
1,-0.87863,-0.58584,-0.04146,0.77938
1,-0.47398,-0.67048,-0.3698,0.59899
1,0.05868,0.00176,-1.08773,0.41305
1,0.16871,0.24124,-1.26573,-0.22971
1,-0.25122,0.19611,-1.11022,-0.82078
1,-1.42246,0.23913,-0.44498,-1.13417
1,-2.33451,1.15193,-0.32227,-1.19574
1,-1.6634,0.24196,-0.14507,0.09228
1,-1.21765,-0.33824,-0.16516,0.54111
1,-0.75139,-0.32943,-0.55495,0.31454
1,-0.37899,0.09416,-1.00798,0.07811
1,-0.45646,0.00212,-0.87515,0.04855
1,-0.87962,-0.14849,-0.43185,0.04488
1,-0.90334,-0.06031,-0.34395,-0.26361
1,-0.5949,-0.57878,0.34216,0.78
1,-1.24802,-1.49369,2.16843,0.08306
1,-1.86124,-1.33393,2.2245,0.17601
1,-1.06334,0.33119,-0.40182,-0.04192
1,-0.06679,-0.07654,-0.65379,0.28868
1,-0.69181,-1.19636,1.22556,0.6507
1,-1.56111,-2.62834,3.77851,-1.01347
1,-1.56631,-1.74447,2.56636,-0.11705
1,-1.23405,-0.41831,0.2298,0.937
1,-0.84904,0.2229,-0.63947,-0.66194
1,-0.30374,-0.3527,-0.31412,0.49309
1,-0.93877,-1.52615,1.41488,0.85942
1,-1.63448,-2.45375,3.15026,-0.09368
1,-1.49242,-1.70779,2.03775,0.87728
1,-1.06447,-0.34565,-0.02735,1.06324
1,-0.94377,0.19928,-0.88072,-0.70441
1,-0.66032,0.23349,-0.78168,-1.07013
1,-0.29134,-0.33119,-0.33977,0.35456
1,-0.68822,-1.45914,1.00998,0.51649
1,-1.14734,-1.86863,1.78063,0.09967
1,-0.76011,-1.35439,0.89226,0.70796
1,-0.48431,-0.32096,-0.38054,0.71781
1,-0.46782,0.18411,-1.16151,-1.07323
1,-2.36308,0.80839,-0.20235,-2.77065
1,-0.96942,0.21198,-0.55654,-0.72536
1,-0.62467,-0.68178,0.32765,0.85635
1,-0.94722,-1.91731,1.85103,0.15816
1,-1.52004,-2.51725,2.64551,-0.92544
1,-0.82015,-1.48488,0.9002,0.41244
1,-0.33789,-0.36999,-0.43026,0.76707
1,-0.14923,0.27934,-1.34726,-1.53251
1,-1.51891,0.50719,-0.53865,-1.85142
1,-0.90587,-0.35623,-0.01779,0.46785
1,-1.02618,-1.57271,1.26295,0.28622
1,-1.17659,-2.04427,1.62888,-0.3824
1,-0.3672,-1.00979,0.10432,0.85388
1,0.14164,-0.13896,-0.89782,0.53742
1,0.06108,0.34636,-1.43198,-1.56822
1,-1.87204,0.87471,-0.36443,-2.74603
1,-1.2564,-0.25571,0.28429,0.5368
1,-1.05891,-1.29195,1.09212,0.87789
1,-0.81357,-1.45031,0.80098,0.55712
1,-0.06726,-0.22996,-0.77471,0.77692
1,0.30343,0.40279,-1.44909,-0.81402
1,-0.06134,0.52623,-1.49404,-2.4733
1,-2.21933,1.23623,-0.3881,-2.30951
1,-1.37038,0.13086,-0.28687,0.08059
1,-0.99004,-0.57314,-0.06274,0.64393
1,-0.58983,-0.6204,-0.44637,0.46723
1,-0.08149,-0.00071,-1.08633,0.27329
1,0.05789,0.26911,-1.24804,-0.28208
1,-0.42709,0.22326,-1.08615,-0.90882
1,-1.60981,0.26241,-0.43543,-1.28377
1,-2.44293,1.1671,-0.27056,-1.30715
1,-1.73603,0.25677,-0.1938,0.01164
1,-1.3183,-0.31038,-0.19599,0.4266
1,-0.83612,-0.26347,-0.62376,0.17478
1,-0.41935,0.10441,-1.03147,-0.03392
1,-0.48835,0.01023,-0.86201,-0.00193
1,-0.9329,-0.0776,-0.4931,0.00917
1,-1.1376,0.00776,-0.4227,-0.43845
1,-0.80818,-0.47227,0.26461,0.61376
1,-1.41651,-1.38929,2.05207,0.01779
1,-1.95492,-1.23304,2.08589,0.06211
1,-1.30876,0.36047,-0.42966,-0.30051
1,-0.35278,-0.08607,-0.65518,0.03193
1,-0.98023,-1.15193,1.2186,0.53865
1,-1.73128,-2.59272,3.69298,-0.96548
1,-1.69662,-1.64466,2.45282,-0.12505
1,-1.33515,-0.38339,0.17054,0.85388
1,-0.50847,0.18341,-0.59511,-0.20323
1,-0.142,-0.50683,0.00111,0.93577
1,-0.73376,-1.77621,1.79056,1.1568
1,-1.30306,-2.49926,3.28648,0.49986
1,-1.05705,-1.49441,1.7645,1.58408
1,-0.61242,-0.28463,-0.14746,1.41291
1,-0.73808,0.23279,-0.85129,-0.49077
1,-0.3462,0.16083,-0.70708,-0.59052
1,-0.07722,-0.44617,-0.12081,0.70858
1,-0.42461,-1.59703,1.18241,0.73936
1,-0.79981,-1.87674,1.8206,0.51772
1,-0.37538,-1.20166,0.73455,1.27192
1,-0.1512,-0.22044,-0.47322,0.92838
1,-0.25361,0.21409,-1.15455,-0.95129
1,-1.99679,0.80169,-0.3706,-2.69923
1,-0.66098,0.03775,-0.43404,-0.22666
1,-0.38406,-0.80522,0.53705,1.04228
1,-0.69628,-2.05767,1.90731,-0.01978
1,-1.17162,-2.37653,2.44108,-0.74446
1,-0.43935,-1.30571,0.69498,0.72028
1,0.02411,-0.21621,-0.59811,0.75783
1,0.10961,0.29204,-1.34666,-1.40447
1,-1.17828,0.36328,-0.43046,-1.35272
1,-0.64202,-0.56255,0.21072,0.55712
1,-0.78112,-1.71096,1.32023,-0.00931
1,-0.76219,-1.90989,1.4672,-0.25004
1,0.04196,-0.91773,0.0713,1.09152
1,0.56208,-0.01199,-1.0235,0.56882
1,0.27947,0.3594,-1.40215,-1.29549
1,-1.63937,0.74103,-0.28767,-2.07311
1,-1.04455,-0.45957,0.45552,0.5682
1,-0.7681,-1.40693,1.09113,0.63531
1,-0.3423,-1.20836,0.47401,0.59221
1,0.39742,-0.17494,-0.78168,0.87912
1,0.68901,0.44898,-1.4823,-0.81278
1,0.16236,0.48602,-1.44848,-2.09463
1,-2.08132,1.06692,-0.25983,-1.82866
1,-1.16726,-0.02575,-0.16437,0.34656
1,-0.65141,-0.71176,0.02794,0.8625
1,-0.00191,-0.48955,-0.57346,0.72028
1,0.40703,0.04939,-1.04815,0.51156
1,0.46055,0.30015,-1.25579,-0.2519
1,-0.23482,0.22467,-1.03622,-0.7555
1,-1.42745,0.35341,-0.40759,-1.29177
1,-2.31808,1.0239,-0.18127,-0.987
1,-1.53109,0.12662,-0.1413,0.1951
1,-0.93434,-0.36822,-0.1944,0.59406
1,-0.32591,-0.17529,-0.70232,0.29669
1,-0.05932,0.08254,-0.98393,0.28191
1,-0.18864,-0.01763,-0.83894,0.2973
1,-0.72186,-0.14143,-0.40679,0.28191
1,-0.80181,-0.11392,-0.26122,0.05659
1,-0.60257,-0.73822,0.73712,0.79416
1,-1.17384,-1.63266,2.42179,0.16616
1,-1.693,-1.26797,2.21457,0.37303
1,-0.87504,0.3266,-0.50901,-0.01054
1,-0.08623,-0.20809,-0.44319,0.57005
1,-0.76068,-1.49369,1.75278,0.89144
1,-1.3418,-2.67525,3.83659,-0.40026
1,-1.25312,-1.5399,2.31918,0.52757
1,-0.89901,-0.33718,0.12797,1.2116
1,-0.77539,0.25747,-0.60626,-0.56529
1,-0.15308,-0.30403,-0.37,0.57128
1,-0.74452,-1.48877,1.33277,1.20174
1,-1.38136,-2.40262,3.01065,0.2739
1,-1.24908,-1.79844,2.09882,1.02997
1,-0.88778,-0.41019,0.07111,1.39753
1,-0.74861,0.14707,-0.83119,-0.35041
1,-0.60468,0.22996,-0.73454,-0.98519
1,-0.18507,-0.26065,-0.40063,0.50171
1,-0.51481,-1.41646,0.95809,0.94808
1,-0.92973,-1.87991,1.76431,0.43214
1,-0.53071,-1.40341,0.91851,0.95054
1,-0.33211,-0.36787,-0.31969,0.93084
1,-0.28062,0.19116,-1.13248,-0.75798
1,-2.40404,0.77137,-0.07289,-2.58348
1,-0.94444,0.23702,-0.5295,-0.81216
1,-0.56995,-0.54104,0.20097,0.93515
1,-0.78872,-1.82983,1.69689,0.46415
1,-1.34427,-2.54159,2.70558,-0.72779
1,-0.64902,-1.5392,0.98591,0.71659
1,-0.22792,-0.44405,-0.30199,1.13708
1,0.01909,0.28039,-1.3429,-1.24745
1,-1.49572,0.54846,-0.4754,-2.01831
1,-0.84077,-0.29239,-0.03489,0.39089
1,-0.91928,-1.42669,1.0762,0.46846
1,-0.97252,-2.02416,1.64281,-0.32455
1,-0.15153,-1.01049,0.09237,1.00411
1,0.32307,-0.14707,-0.86837,0.75783
1,0.28052,0.33577,-1.44491,-1.34043
1,-1.92272,0.95124,-0.35548,-3.00524
1,-1.23644,-0.22397,0.30319,0.4543
1,-0.96154,-1.21859,0.98234,1.00411
1,-0.58863,-1.44256,0.7932,0.55158
1,0.11445,-0.27793,-0.7075,0.96655
1,0.43852,0.38938,-1.37809,-0.57205
1,0.07137,0.55904,-1.53501,-2.34708
1,-2.28507,1.25668,-0.42569,-2.4653
1,-1.39061,0.1626,-0.28846,-0.00807
1,-0.86825,-0.56786,-0.05557,0.74121
1,-0.39806,-0.62888,-0.40441,0.50848
1,0.11167,-0.00107,-1.04618,0.4697
1,0.14489,0.26594,-1.16708,-0.09734
1,-0.34846,0.22009,-1.0923,-0.76412
1,-1.44822,0.22185,-0.48535,-1.05166
1,-2.52886,1.17521,-0.33878,-1.20621
1,-1.76327,0.26064,-0.16954,0.11629
1,-1.20421,-0.2744,-0.21985,0.60022
1,-0.67277,-0.30333,-0.59414,0.33609
1,-0.3168,0.0709,-1.01633,0.07073
1,-0.45998,-0.04586,-0.83418,0.19571
1,-0.89985,-0.12628,-0.45333,0.18093
1,-0.967,0.02752,-0.43305,-0.23095
1,-0.65349,-0.49625,0.22304,0.75537
1,-1.2388,-1.45878,2.12207,0.14276
1,-1.8182,-1.38084,2.31878,0.05597
1,-1.16712,0.33647,-0.36821,0.01164
1,-0.16534,-0.06773,-0.6514,0.20495
1,-0.75452,-1.14206,1.11717,0.7566
1,-1.49699,-2.55287,3.61166,-0.5302
1,-1.46103,-1.77798,2.54508,0.11259
1,-1.17279,-0.43065,0.28012,1.22331
1,-0.49817,0.14884,-0.61083,-0.17862
1,-0.2135,-0.52906,-0.00367,0.91668
1,-0.83563,-1.80796,1.8005,1.01519
1,-1.40937,-2.45693,3.13116,0.34348
1,-1.20534,-1.45701,1.68377,1.43386
1,-0.80305,-0.27476,-0.14487,1.24298
1,-0.95063,0.2342,-0.84808,-0.6059
1,-0.33145,0.16118,-0.74468,-0.50925
1,-0.10221,-0.51319,-0.09138,0.7997
1,-0.4721,-1.67464,1.24942,0.73013
1,-0.85791,-1.92434,1.84188,0.51833
1,-0.48196,-1.19708,0.72858,1.2276
1,-0.29622,-0.23525,-0.44677,0.88097
1,-0.4402,0.24866,-1.17583,-1.07813
1,-1.85554,0.81016,-0.38074,-2.56439
1,-0.60278,0.03669,-0.43483,-0.09796
1,-0.38491,-0.87752,0.55894,1.13094
1,-0.77595,-2.16278,2.04731,0.08921
1,-1.21047,-2.41355,2.45043,-0.4612
1,-0.54049,-1.32299,0.73494,0.89452
1,-0.11109,-0.261,-0.55237,0.77138
1,-0.11151,0.30896,-1.35443,-1.51527
1,-1.11205,0.34072,-0.43861,-1.16436
1,-0.58789,-0.61582,0.26004,0.81325
1,-0.8015,-1.80161,1.45806,0.24989
1,-0.80554,-1.96455,1.48052,0.10213
1,-0.09507,-0.90009,-0.00527,1.21346
1,0.37793,0.00635,-1.03425,0.5091
1,0.08626,0.37457,-1.38486,-1.40447
1,-1.5579,0.66661,-0.19738,-1.78372
1,-0.9936,-0.46134,0.37519,0.93023
1,-0.7852,-1.48135,1.22496,0.99549
1,-0.40201,-1.27538,0.61523,0.99734
1,0.20609,-0.13967,-0.85822,0.85019
1,0.47639,0.48708,-1.51651,-0.97348
1,-0.05645,0.50366,-1.46619,-2.20362
1,-1.97058,1.0433,-0.31412,-1.57441
1,-1.10374,-0.04937,-0.13036,0.52387
1,-0.6771,-0.70576,0.04822,0.99302
1,-0.15787,-0.50225,-0.54262,0.87666
1,0.16053,0.0582,-1.04497,0.51094
1,0.22168,0.30226,-1.28979,-0.35531
1,-0.45072,0.20633,-1.0233,-0.83188
1,-1.54594,0.35906,-0.40759,-1.28749
1,-2.22243,0.9777,-0.19539,-0.82078
1,-1.48094,0.10122,-0.13096,0.41982
1,-1.00416,-0.36928,-0.16158,0.76646
1,-0.44659,-0.19046,-0.70529,0.47585
1,-0.25972,0.1245,-0.96861,0.25482
1,-0.36466,-0.03386,-0.82343,0.20064
1,-0.89369,-0.12628,-0.44816,0.17355
1,-0.87195,-0.1185,-0.2813,0.04793
1,-0.70233,-0.70471,0.66415,0.70057
1,-1.28944,-1.55718,2.37804,0.1169
1,-1.85674,-1.17874,2.09067,0.31454
1,-0.96717,0.29734,-0.48614,-0.02654
1,-0.19386,-0.22467,-0.41395,0.53927
1,-0.85875,-1.4729,1.76828,0.61499
1,-1.45328,-2.65902,3.75584,-0.67918
1,-1.41989,-1.4422,2.11811,0.33424
1,-1.07763,-0.29698,0.09237,1.03058
1,-0.4433,0.17705,-0.62297,-0.13001
1,-0.04072,-0.49696,-0.07031,0.98933
1,-0.66127,-1.76598,1.72931,1.02873
1,-1.2584,-2.5497,3.31433,0.25235
1,-1.0455,-1.5138,1.71936,1.29535
1,-0.63332,-0.29627,-0.11425,1.31997
1,-0.75311,0.23632,-0.85426,-0.47906
1,-0.30031,0.16824,-0.7389,-0.48339
1,-0.02019,-0.46804,-0.14209,0.92222
1,-0.34742,-1.67817,1.23431,0.9216
1,-0.7157,-1.96103,1.85838,0.60638
1,-0.28288,-1.27433,0.78387,1.30397
1,-0.10996,-0.28957,-0.43424,1.02935
1,-0.24788,0.22926,-1.14979,-0.9033
1,-1.954,0.80558,-0.33599,-2.53729
1,-0.64339,0.06665,-0.42767,-0.14229
1,-0.39853,-0.90328,0.63212,1.28364
1,-0.67344,-2.12152,1.9775,0.32808
1,-1.09041,-2.5116,2.61608,-0.34117
1,-0.37322,-1.40165,0.78605,1.09399
1,0.02965,-0.28357,-0.51955,1.02504
1,0.07391,0.3139,-1.36277,-1.36015
1,-1.20203,0.38798,-0.46128,-1.3201
1,-0.66739,-0.59537,0.24094,0.80463
1,-0.75441,-1.82595,1.52627,0.35087
1,-0.70061,-2.01182,1.55767,0.05288
1,0.10928,-0.97064,0.05001,1.31749
1,0.5574,-0.02116,-1.01097,0.66733
1,0.25698,0.3393,-1.38147,-1.27392
1,-1.68927,0.70682,-0.19161,-2.03554
1,-1.06472,-0.50753,0.57962,0.93762
1,-0.78767,-1.48911,1.23113,1.12356
1,-0.40553,-1.30184,0.56451,1.05462
1,0.35333,-0.21374,-0.79479,1.05643
1,0.61954,0.44793,-1.47933,-0.73027
1,0.10693,0.49944,-1.43815,-2.13034
1,-2.13628,1.05741,-0.29403,-1.82004
1,-1.21512,-0.02469,-0.15323,0.35148
1,-0.74051,-0.6839,0.04326,0.90622
1,-0.19729,-0.52376,-0.54521,0.8428
1,0.27662,0.02997,-1.06605,0.62854
1,0.35766,0.28709,-1.26573,-0.19281
1,-0.29641,0.20033,-1.01157,-0.71303
1,-1.52335,0.32272,-0.39705,-1.25116
1,-2.39349,1.03766,-0.22582,-0.9661
1,-1.61051,0.14531,-0.16596,0.22465
1,-1.09797,-0.34424,-0.18127,0.59652
1,-0.52406,-0.19222,-0.71822,0.34471
1,-0.2577,0.09452,-1.00937,0.25235
1,-0.3284,-0.02539,-0.8459,0.24312
1,-0.85224,-0.15731,-0.39068,0.23389
1,-0.83493,-0.05996,-0.31372,0.03317
1,-0.65849,-0.6451,0.61005,0.82987
1,-1.27431,-1.6189,2.43014,0.29176
1,-1.79829,-1.29301,2.22153,0.40813
1,-0.86646,0.32802,-0.47163,0.00793
1,-0.0589,-0.2028,-0.48197,0.58421
1,-0.77159,-1.42916,1.6432,0.71966
1,-1.41894,-2.65585,3.7618,-0.61947
1,-1.33438,-1.56177,2.33129,0.29545
1,-0.98413,-0.34565,0.1244,1.10818
1,-0.91984,0.2483,-0.60886,-0.70013
1,-0.29674,-0.35412,-0.31034,0.5251
1,-0.95911,-1.5646,1.52307,1.00596
1,-1.56776,-2.50949,3.30101,0.11198
1,-1.345,-1.72789,2.07357,1.03489
1,-0.85805,-0.41196,-0.015,1.35506
1,-0.75308,0.14884,-0.87633,-0.5511
1,-0.72925,0.24477,-0.72597,-1.12984
1,-0.29918,-0.27229,-0.40242,0.39581
1,-0.71134,-1.45384,1.02231,0.71781
1,-1.0662,-1.92117,1.94886,0.43399
1,-0.6885,-1.43197,1.01177,0.98317
1,-0.33939,-0.34424,-0.37497,1.06381
1,-0.32535,0.1573,-1.17008,-0.90882
1,-2.46717,0.83167,-0.12598,-3.02
1,-1.01904,0.14354,-0.46964,-0.79307
1,-0.64511,-0.65427,0.25944,0.85265
1,-0.96978,-1.918,1.8186,0.1871
1,-1.46521,-2.53876,2.68868,-0.71056
1,-0.75044,-1.54062,1.01952,0.64701
1,-0.24643,-0.4377,-0.42191,0.9918
1,-0.03536,0.23666,-1.37073,-1.34286
1,-1.63381,0.47827,-0.43841,-1.91608
1,-0.967,-0.44441,0.13594,0.35394
1,-1.02657,-1.59739,1.27627,0.26036
1,-1.12426,-2.11905,1.77007,-0.36331
1,-0.2794,-1.08598,0.16458,1.01642
1,0.20339,-0.17388,-0.86997,0.77076
1,0.18768,0.3273,-1.46898,-1.40014
1,-1.98423,0.90962,-0.30795,-2.90858
1,-1.32104,-0.33225,0.36305,0.35333
1,-1.05525,-1.31453,1.07105,0.58975
1,-0.71394,-1.44784,0.78248,0.11814
1,0.09542,-0.29839,-0.7389,0.73936
1,0.45724,0.34636,-1.42483,-0.62376
1,0.08729,0.49908,-1.53441,-2.33908
1,-2.3824,1.25491,-0.32108,-2.6629
1,-1.49171,0.08607,-0.16635,0.04978
1,-0.92607,-0.6899,0.07369,0.78246
1,-0.46186,-0.70471,-0.33639,0.61499
1,0.10801,-0.0328,-1.06626,0.49802
1,0.19327,0.25571,-1.24565,-0.24756
1,-0.27541,0.21656,-1.11479,-0.94824
1,-1.50927,0.27264,-0.41355,-1.27087
1,-2.60181,1.20519,-0.27375,-1.6095
1,-1.82281,0.20422,-0.07488,-0.04997
1,-1.2805,-0.352,-0.09794,0.58914
1,-0.77018,-0.34142,-0.50026,0.39089
1,-0.36232,0.09524,-0.9899,0.13969
1,-0.46773,0.01799,-0.87336,-0.03949
1,-0.88296,-0.11005,-0.47341,-0.03454
1,-1.30608,-0.02046,-0.2825,-0.57205
1,-0.93325,-0.5414,0.37159,0.7406
1,-1.41577,-1.44784,2.1185,0.48939
1,-1.92891,-1.31665,2.28536,0.38165
1,-1.41035,0.34458,-0.34276,-0.44216
1,-0.41131,-0.03175,-0.6711,0.01593
1,-0.94852,-1.13606,1.1492,0.62053
1,-1.64609,-2.55428,3.64724,-0.7666
1,-1.5679,-1.74306,2.58964,-0.15153
1,-1.2154,-0.44229,0.30358,0.97579
1,-1.0303,0.27653,-0.64286,-0.78878
1,-0.44513,-0.32096,-0.31193,0.45738
1,-1.05578,-1.50075,1.42603,0.90437
1,-1.70162,-2.53276,3.30937,-0.2328
1,-1.47482,-1.74094,2.067,0.7486
1,-1.0227,-0.39609,0.0204,1.10014
1,-0.84675,0.16365,-0.86022,-0.56219
1,-0.86167,0.30085,-0.77432,-1.28563
1,-0.44137,-0.21656,-0.43782,0.31639
1,-0.78204,-1.40976,0.97895,0.77015
1,-1.17799,-1.94199,1.9425,0.28068
1,-0.79812,-1.45103,0.98533,0.82925
1,-0.45998,-0.33331,-0.37119,0.83295
1,-0.40018,0.17635,-1.15873,-0.93039
1,-2.52397,0.86341,-0.16695,-3.04585
1,-1.1282,0.23102,-0.54143,-0.93039
1,-0.73823,-0.5608,0.13912,0.81633
1,-1.00947,-1.90425,1.76271,0.32932
1,-1.48738,-2.49396,2.64551,-0.77769
1,-0.84063,-1.51663,0.96106,0.50602
1,-0.39572,-0.41302,-0.40659,0.79354
1,-0.14383,0.25183,-1.35323,-1.46356
1,-1.69982,0.51778,-0.47501,-2.03797
1,-1.01689,-0.36928,0.0015,0.34902
1,-1.07461,-1.49616,1.11856,0.27083
1,-1.19643,-2.08765,1.71439,-0.43906
1,-0.40422,-1.08527,0.19183,0.80463
1,0.05868,-0.15731,-0.83794,0.61376
1,0.06432,0.33613,-1.42165,-1.52513
1,-2.06745,0.90575,-0.299,-3.03419
1,-1.41236,-0.24936,0.22005,0.34963
1,-1.12982,-1.29865,1.04916,0.74675
1,-0.79858,-1.47924,0.84969,0.30531
1,-0.04678,-0.29803,-0.73154,0.80032
1,0.31902,0.37668,-1.41569,-0.66994
1,-0.05805,0.52236,-1.5199,-2.47573
1,-2.44824,1.30887,-0.38333,-2.74851
1,-1.58412,0.09769,-0.13971,0.04178
1,-1.0549,-0.61829,0.02436,0.72336
1,-0.62467,-0.65427,-0.36046,0.51033
1,-0.06862,0.02822,-1.10244,0.25051
1,0.06597,0.29909,-1.27069,-0.41873
1,-0.42658,0.25219,-1.13347,-1.12617
1,-1.604,0.31849,-0.476,-1.42295
1,-2.63074,1.24046,-0.2642,-1.66244
1,-1.89319,0.28111,-0.13235,-0.14477
1,-1.39691,-0.27582,-0.17192,0.4266
1,-0.87972,-0.29874,-0.55775,0.17232
1,-0.46486,0.15096,-1.05393,-0.00564
1,-0.53764,0.0656,-0.91015,-0.12077
1,-1.0133,-0.05009,-0.5299,-0.13739
1,-1.40222,-0.00458,-0.2811,-0.59481
1,-0.95535,-0.47368,0.30658,0.58852
1,-1.42133,-1.34591,2.01788,0.17293
1,-1.93591,-1.21189,2.09564,0.15446
1,-1.53221,0.36645,-0.37935,-0.43968
1,-0.55049,-0.01305,-0.63947,-0.08996
1,-1.01693,-1.10432,1.17345,0.5405
1,-1.72826,-2.54864,3.64069,-0.87744
1,-1.62913,-1.72225,2.49079,-0.19524
1,-1.34205,-0.44829,0.26341,0.90929
1,-1.01003,0.28639,-0.65319,-0.81093
1,-0.42601,-0.30544,-0.33162,0.39889
1,-1.10568,-1.49124,1.42424,0.84834
1,-1.75486,-2.47281,3.25965,-0.146
1,-1.52131,-1.66264,1.95503,0.79354
1,-1.03533,-0.36646,0.02098,1.14204
1,-0.91456,0.18728,-0.8845,-0.58681
1,-0.82032,0.27017,-0.73851,-1.2653
1,-0.37096,-0.23243,-0.41395,0.25113
1,-0.79967,-1.40165,0.98712,0.66055
1,-1.20833,-1.88838,1.89835,0.21972
1,-0.82532,-1.37767,0.97677,0.79847
1,-0.50629,-0.3132,-0.38153,0.78492
1,-0.46172,0.22749,-1.17801,-1.00119
1,-2.49311,0.83026,-0.16516,-3.04585
1,-1.04867,0.20245,-0.51756,-0.87806
1,-0.65856,-0.57174,0.16636,0.76768
1,-1.01668,-1.86863,1.73249,0.15323
1,-1.5395,-2.52289,2.70679,-1.00981
1,-0.9001,-1.50322,0.97519,0.34286
1,-0.41418,-0.38374,-0.4237,0.67841
1,-0.17779,0.31002,-1.37848,-1.45742
1,-1.64232,0.51036,-0.43861,-1.96598
1,-0.98575,-0.40208,0.06832,0.36257
1,-1.05089,-1.58258,1.28303,0.24928
1,-1.24302,-2.11058,1.75795,-0.54805
1,-0.46867,-1.09232,0.18644,0.80894
1,0.04525,-0.15696,-0.85187,0.56451
1,0.03717,0.33613,-1.44233,-1.49989
1,-2.01812,0.9322,-0.3175,-2.95539
1,-1.33336,-0.267,0.29005,0.38719
1,-1.13471,-1.30148,1.05731,0.78615
1,-0.85583,-1.45384,0.79559,0.36749
1,-0.09836,-0.30756,-0.71486,0.8508
1,0.27246,0.36681,-1.43001,-0.6767
1,-0.04875,0.50508,-1.51948,-2.40002
1,-2.41347,1.29689,-0.31909,-2.69494
1,-1.55787,0.11922,-0.17849,0.01531
1,-1.08833,-0.60137,-0.00764,0.64578
1,-0.6486,-0.6899,-0.34852,0.47585
1,-0.11381,0.00882,-1.10583,0.25667
1,0.03167,0.29345,-1.27011,-0.38055
1,-0.42287,0.26205,-1.12294,-1.06461
1,-1.5496,0.29979,-0.46367,-1.34348
1,-2.62873,1.25633,-0.28588,-1.59407
1,-1.89266,0.2349,-0.07767,-0.12015
1,-1.41711,-0.28851,-0.159,0.40874
1,-0.91534,-0.3065,-0.56729,0.15692
1,-0.4907,0.13192,-1.04915,-0.05735
1,-0.53275,0.04726,-0.92465,-0.04011
1,-0.97175,-0.08254,-0.51498,-0.04502
1,-1.46324,-0.00318,-0.33261,-0.62747
1,-1.05786,-0.49061,0.30398,0.48816
1,-1.53549,-1.36425,2.01886,0.08426
1,-2.01569,-1.20483,2.07396,0.03502
1,-1.52338,0.36081,-0.39446,-0.4723
1,-0.5835,-0.02963,-0.66792,-0.10782
1,-1.08185,-1.08034,1.06427,0.50109
1,-1.78326,-2.50102,3.55556,-0.96424
1,-1.66182,-1.66794,2.42339,-0.33622
1,-1.33001,-0.41372,0.28669,0.8231
1,-0.54634,0.2409,-0.63668,-0.36455
1,0.04422,-0.38057,-0.2819,0.78
1,-0.68322,-1.57518,1.50877,1.15251
1,-1.38639,-2.46962,3.19441,0.20926
1,-1.19066,-1.73777,2.05804,1.12109
1,-0.71669,-0.39397,0.05161,1.47695
1,-0.59838,0.15271,-0.88747,-0.3307
1,-0.32605,0.19399,-0.75044,-0.78198
1,0.08091,-0.33542,-0.36801,0.67903
1,-0.40624,-1.4796,1.03127,0.86435
1,-0.85523,-1.94693,1.92282,0.50602
1,-0.49512,-1.42139,0.97598,1.0589
1,-0.16154,-0.35729,-0.35071,1.14818
1,-0.13063,0.17177,-1.14759,-0.70565
1,-2.09687,0.75056,-0.11604,-2.58657
1,-0.60809,0.12803,-0.51955,-0.40026
1,-0.23722,-0.63169,0.17115,1.15865
1,-0.64416,-1.97585,1.8725,0.40135
1,-1.19678,-2.59238,2.80264,-0.68346
1,-0.5399,-1.56354,1.07144,0.74306
1,-0.07369,-0.41654,-0.41813,1.13956
1,0.16551,0.24688,-1.36855,-1.19264
1,-1.15973,0.44264,-0.4593,-1.46232
1,-0.53384,-0.38092,-0.02695,0.76399
1,-0.70444,-1.56248,1.19673,0.50663
1,-0.87561,-2.18007,1.87886,-0.10472
1,-0.07008,-1.09727,0.16755,1.25531
1,0.40372,-0.17953,-0.86143,0.95978
1,0.3933,0.32026,-1.46501,-1.21731
1,-1.61227,0.88635,-0.34375,-2.48806
1,-0.9488,-0.34459,0.32844,0.79909
1,-0.76771,-1.32018,1.03802,1.14446
1,-0.49018,-1.47184,0.8328,0.72397
1,0.32071,-0.28745,-0.76039,1.19865
1,0.63136,0.37034,-1.43934,-0.43783
1,0.28978,0.50295,-1.5513,-2.22947
1,-2.04785,1.22706,-0.42171,-2.25042
1,-1.2008,0.07195,-0.20215,0.37611
1,-0.71043,-0.69518,0.07208,0.99672
1,-0.22965,-0.70329,-0.34653,0.83603
1,0.31128,-0.00352,-1.0929,0.59837
1,0.37156,0.25677,-1.25997,-0.11153
1,-0.11184,0.2215,-1.12055,-0.78755
1,-1.34641,0.24443,-0.49151,-1.11018
1,-2.32145,1.15687,-0.37457,-1.16312
1,-1.58789,0.17071,-0.1224,0.25605
1,-1.06401,-0.39432,-0.10749,0.77199
1,-0.50861,-0.36011,-0.53467,0.56882
1,-0.12936,0.09699,-1.00679,0.27144
1,-0.23971,0.00246,-0.89761,0.18401
1,-0.70624,-0.14637,-0.48972,0.16801
1,-0.91513,-0.05609,-0.31392,-0.23156
1,-0.56319,-0.57033,0.3543,0.8822
1,-1.15171,-1.45773,2.10917,0.36687
1,-1.73779,-1.3184,2.20243,0.31577
1,-1.00071,0.31038,-0.41773,-0.04935
1,-0.00971,-0.09769,-0.66096,0.301
1,-0.64131,-1.15898,1.17902,0.73013
1,-1.47236,-2.62165,3.75902,-0.75488
1,-1.40669,-1.75647,2.55204,-0.04316
1,-1.04712,-0.43982,0.29862,1.13646
